﻿--
-- Script was generated by Devart dbForge Studio for MySQL, Version 8.0.40.0
-- Product home page: http://www.devart.com/dbforge/mysql/studio
-- Script date 08/06/2024 12:55:03
-- Server version: 5.5.5-10.1.40-MariaDB
-- Client version: 4.1
--

-- 
-- Disable foreign keys
-- 
/*!40014 SET @OLD_FOREIGN_KEY_CHECKS=@@FOREIGN_KEY_CHECKS, FOREIGN_KEY_CHECKS=0 */;

-- 
-- Set SQL mode
-- 
/*!40101 SET @OLD_SQL_MODE=@@SQL_MODE, SQL_MODE='NO_AUTO_VALUE_ON_ZERO' */;

-- 
-- Set character set the client will use to send SQL statements to the server
--
SET NAMES 'utf8';

DROP DATABASE IF EXISTS auxibit;

CREATE DATABASE IF NOT EXISTS auxibit
CHARACTER SET latin1
COLLATE latin1_swedish_ci;

--
-- Set default database
--
USE auxibit;

--
-- Create table `partes`
--
CREATE TABLE IF NOT EXISTS partes (
  id int(11) NOT NULL AUTO_INCREMENT,
  descripcion longtext DEFAULT NULL,
  PRIMARY KEY (id)
)
ENGINE = INNODB,
AUTO_INCREMENT = 67,
AVG_ROW_LENGTH = 496,
CHARACTER SET latin1,
COLLATE latin1_swedish_ci;

--
-- Create table `auxiliares`
--
CREATE TABLE IF NOT EXISTS auxiliares (
  id int(11) NOT NULL AUTO_INCREMENT,
  nombreAuxiliar varchar(500) DEFAULT NULL,
  PRIMARY KEY (id)
)
ENGINE = INNODB,
AUTO_INCREMENT = 31,
AVG_ROW_LENGTH = 546,
CHARACTER SET latin1,
COLLATE latin1_swedish_ci;

--
-- Create table `telefonos`
--
CREATE TABLE IF NOT EXISTS telefonos (
  id int(11) NOT NULL AUTO_INCREMENT,
  idAuxiliares int(11) DEFAULT NULL,
  telefono varchar(500) DEFAULT NULL,
  PRIMARY KEY (id)
)
ENGINE = INNODB,
AUTO_INCREMENT = 55,
AVG_ROW_LENGTH = 303,
CHARACTER SET latin1,
COLLATE latin1_swedish_ci;

--
-- Create index `uk_auxiliares_telefonos` on table `telefonos`
--
ALTER TABLE telefonos
ADD UNIQUE INDEX uk_auxiliares_telefonos (idAuxiliares, telefono);

--
-- Create foreign key
--
ALTER TABLE telefonos
ADD CONSTRAINT fk_auxiliares2_telefonos2 FOREIGN KEY (idAuxiliares)
REFERENCES auxiliares (id);

--
-- Create table `pacientes`
--
CREATE TABLE IF NOT EXISTS pacientes (
  id int(11) NOT NULL AUTO_INCREMENT,
  numeroHistoria int(11) DEFAULT NULL,
  fechaNacimiento date DEFAULT NULL,
  nombreCompleto varchar(500) DEFAULT NULL,
  sexo varchar(10) DEFAULT NULL,
  PRIMARY KEY (id)
)
ENGINE = INNODB,
AUTO_INCREMENT = 31,
AVG_ROW_LENGTH = 546,
CHARACTER SET latin1,
COLLATE latin1_swedish_ci;

--
-- Create table `revisiones`
--
CREATE TABLE IF NOT EXISTS revisiones (
  id int(11) NOT NULL AUTO_INCREMENT,
  manos tinyint(1) DEFAULT NULL,
  pies tinyint(1) DEFAULT NULL,
  idPacientes int(11) DEFAULT NULL,
  fechaManos date DEFAULT NULL,
  fechaPies date DEFAULT NULL,
  observacion varchar(500) DEFAULT NULL,
  PRIMARY KEY (id)
)
ENGINE = INNODB,
AUTO_INCREMENT = 46,
AVG_ROW_LENGTH = 364,
CHARACTER SET latin1,
COLLATE latin1_swedish_ci;

--
-- Create foreign key
--
ALTER TABLE revisiones
ADD CONSTRAINT fk_revisiones_auxiliares FOREIGN KEY (idPacientes)
REFERENCES pacientes (id);

--
-- Create table `rellenados`
--
CREATE TABLE IF NOT EXISTS rellenados (
  id int(11) NOT NULL AUTO_INCREMENT,
  idPartes int(11) DEFAULT NULL,
  idPacientes int(11) DEFAULT NULL,
  idAuxiliares int(11) DEFAULT NULL,
  fecha date DEFAULT NULL,
  turno varchar(500) DEFAULT NULL,
  PRIMARY KEY (id)
)
ENGINE = INNODB,
AUTO_INCREMENT = 63,
AVG_ROW_LENGTH = 273,
CHARACTER SET latin1,
COLLATE latin1_swedish_ci;

--
-- Create index `uk_rellenados_partesAuxiliares` on table `rellenados`
--
ALTER TABLE rellenados
ADD UNIQUE INDEX uk_rellenados_partesAuxiliares (idPartes, idAuxiliares);

--
-- Create index `uk_rellenados_partesPacientes` on table `rellenados`
--
ALTER TABLE rellenados
ADD UNIQUE INDEX uk_rellenados_partesPacientes (idPartes, idPacientes);

--
-- Create index `uk_rellenados_todo` on table `rellenados`
--
ALTER TABLE rellenados
ADD UNIQUE INDEX uk_rellenados_todo (idPartes, idPacientes, idAuxiliares);

--
-- Create foreign key
--
ALTER TABLE rellenados
ADD CONSTRAINT fk_auxiliares_rellenados FOREIGN KEY (idAuxiliares)
REFERENCES auxiliares (id);

--
-- Create foreign key
--
ALTER TABLE rellenados
ADD CONSTRAINT fk_pacientes_rellenados FOREIGN KEY (idPacientes)
REFERENCES pacientes (id);

--
-- Create foreign key
--
ALTER TABLE rellenados
ADD CONSTRAINT fk_partes_rellenados FOREIGN KEY (idPartes)
REFERENCES partes (id);

--
-- Create table `menstruaciones`
--
CREATE TABLE IF NOT EXISTS menstruaciones (
  id int(11) NOT NULL AUTO_INCREMENT,
  positivo tinyint(1) DEFAULT NULL,
  fecha date DEFAULT NULL,
  idPacientes int(11) DEFAULT NULL,
  PRIMARY KEY (id)
)
ENGINE = INNODB,
AUTO_INCREMENT = 53,
AVG_ROW_LENGTH = 585,
CHARACTER SET latin1,
COLLATE latin1_swedish_ci;

--
-- Create foreign key
--
ALTER TABLE menstruaciones
ADD CONSTRAINT fk_menstruaciones_pacientes FOREIGN KEY (idPacientes)
REFERENCES pacientes (id);

--
-- Create table `deposiciones`
--
CREATE TABLE IF NOT EXISTS deposiciones (
  id int(11) NOT NULL AUTO_INCREMENT,
  turno varchar(500) DEFAULT NULL,
  fecha date DEFAULT NULL,
  positivo tinyint(1) DEFAULT NULL,
  idPacientes int(11) DEFAULT NULL,
  PRIMARY KEY (id)
)
ENGINE = INNODB,
AUTO_INCREMENT = 65,
AVG_ROW_LENGTH = 260,
CHARACTER SET latin1,
COLLATE latin1_swedish_ci;

--
-- Create foreign key
--
ALTER TABLE deposiciones
ADD CONSTRAINT fk_deposiciones_pacientes FOREIGN KEY (idPacientes)
REFERENCES pacientes (id);

--
-- Create table `habitaciones`
--
CREATE TABLE IF NOT EXISTS habitaciones (
  id int(11) NOT NULL AUTO_INCREMENT,
  numeroHabitacion int(11) DEFAULT NULL,
  estadoPuerta tinyint(1) DEFAULT NULL,
  PRIMARY KEY (id)
)
ENGINE = INNODB,
AUTO_INCREMENT = 11,
AVG_ROW_LENGTH = 1638,
CHARACTER SET latin1,
COLLATE latin1_swedish_ci;

--
-- Create index `uk_numero_habitaciones` on table `habitaciones`
--
ALTER TABLE habitaciones
ADD UNIQUE INDEX uk_numero_habitaciones (numeroHabitacion);

--
-- Create table `camas`
--
CREATE TABLE IF NOT EXISTS camas (
  id int(11) NOT NULL AUTO_INCREMENT,
  letraCama char(1) DEFAULT NULL,
  numHabitacion int(11) DEFAULT NULL,
  ocupacion tinyint(1) DEFAULT NULL,
  idPacientes int(11) DEFAULT NULL,
  PRIMARY KEY (id)
)
ENGINE = INNODB,
AUTO_INCREMENT = 31,
AVG_ROW_LENGTH = 546,
CHARACTER SET latin1,
COLLATE latin1_swedish_ci;

--
-- Create index `uk_camas_habitaciones` on table `camas`
--
ALTER TABLE camas
ADD UNIQUE INDEX uk_camas_habitaciones (letraCama, numHabitacion);

--
-- Create index `uk_camas_pacientes2` on table `camas`
--
ALTER TABLE camas
ADD UNIQUE INDEX uk_camas_pacientes2 (idPacientes);

--
-- Create foreign key
--
ALTER TABLE camas
ADD CONSTRAINT fk_camas_habitaciones FOREIGN KEY (numHabitacion)
REFERENCES habitaciones (id);

--
-- Create foreign key
--
ALTER TABLE camas
ADD CONSTRAINT fk_camas_pacientes FOREIGN KEY (idPacientes)
REFERENCES pacientes (id);

-- 
-- Dumping data for table partes
--
INSERT INTO partes VALUES
(1, 'El paciente tuvo una crisis emocional, manifestando una gran tristeza y llanto inconsolable. Se proporcionó apoyo emocional inmediato y se ajustó su plan de tratamiento para incluir sesiones adicionales de asesoramiento.'),
(2, 'Se observó al paciente en un estado de agitación psicomotriz, caminando de un lado a otro en su habitación de manera repetitiva. Fue necesario administrar medicación adicional según el protocolo para asegurar su descanso.'),
(3, 'El paciente mantuvo un comportamiento pacífico y colaborador durante todo el turno, pero expresó pensamientos paranoides cerca del final del mismo. Se tomaron notas detalladas para su revisión en la próxima consulta psiquiátrica.'),
(4, 'El paciente ha experimentado episodios de agitación, coincidiendo con la hora de las visitas. Se ha procedido a un aislamiento breve para su calma, y luego ha podido reintegrarse con el grupo sin incidentes adicionales.'),
(5, 'Durante el turno, el paciente mostró signos de mejora en cuanto a la interacción social, participando activamente en las actividades grupales programadas. Sin embargo, se observaron momentos de ansiedad que requirieron intervención tranquilizadora.'),
(6, 'Se detectaron signos de progreso en la gestión de la ira del paciente, quien pudo identificar y verbalizar sus emociones durante un episodio de estrés, en lugar de recurrir a comportamientos disruptivos.'),
(7, 'Se notó que el paciente estaba particularmente retraído hoy, con poca respuesta a estímulos externos. No participó en la terapia de arte y declinó la comida en dos ocasiones. Se ha hecho un seguimiento de su ingesta nutricional.'),
(8, 'Durante las horas de terapia ocupacional, el paciente mostró una habilidad mejorada para concentrarse en tareas específicas. Aunque hubo momentos de frustración, pudo completar la tarea asignada con ayuda mínima.'),
(9, 'Hubo un progreso notable en la terapia cognitiva conductual del paciente, con una disminución en las expresiones de pensamientos negativos. Se mantuvo cooperativo y expresó deseos de continuar con las sesiones adicionales.'),
(10, 'El paciente exhibió una conducta desafiante durante el turno, negándose a seguir las rutinas establecidas. Se requirió la intervención del equipo de salud mental para reforzar los límites y las expectativas de comportamiento.'),
(11, 'Se notó que el paciente estaba particularmente retraído hoy, con poca respuesta a estímulos externos. No participó en la terapia de arte y declinó la comida en dos ocasiones. Se ha hecho un seguimiento de su ingesta nutricional.'),
(12, 'Hubo un progreso notable en la terapia cognitiva conductual del paciente, con una disminución en las expresiones de pensamientos negativos. Se mantuvo cooperativo y expresó deseos de continuar con las sesiones adicionales.'),
(13, 'Se observó al paciente en un estado de agitación psicomotriz, caminando de un lado a otro en su habitación de manera repetitiva. Fue necesario administrar medicación adicional según el protocolo para asegurar su descanso.'),
(14, 'El paciente ha experimentado episodios de agitación, coincidiendo con la hora de las visitas. Se ha procedido a un aislamiento breve para su calma, y luego ha podido reintegrarse con el grupo sin incidentes adicionales.'),
(15, 'El paciente tuvo una crisis emocional, manifestando una gran tristeza y llanto inconsolable. Se proporcionó apoyo emocional inmediato y se ajustó su plan de tratamiento para incluir sesiones adicionales de asesoramiento.'),
(16, 'Se detectaron signos de progreso en la gestión de la ira del paciente, quien pudo identificar y verbalizar sus emociones durante un episodio de estrés, en lugar de recurrir a comportamientos disruptivos.'),
(17, 'El paciente exhibió una conducta desafiante durante el turno, negándose a seguir las rutinas establecidas. Se requirió la intervención del equipo de salud mental para reforzar los límites y las expectativas de comportamiento.'),
(18, 'El paciente mantuvo un comportamiento pacífico y colaborador durante todo el turno, pero expresó pensamientos paranoides cerca del final del mismo. Se tomaron notas detalladas para su revisión en la próxima consulta psiquiátrica.'),
(19, 'Durante las horas de terapia ocupacional, el paciente mostró una habilidad mejorada para concentrarse en tareas específicas. Aunque hubo momentos de frustración, pudo completar la tarea asignada con ayuda mínima.'),
(20, 'Durante el turno, el paciente mostró signos de mejora en cuanto a la interacción social, participando activamente en las actividades grupales programadas. Sin embargo, se observaron momentos de ansiedad que requirieron intervención tranquilizadora.'),
(21, 'El paciente tuvo una crisis emocional, manifestando una gran tristeza y llanto inconsolable. Se proporcionó apoyo emocional inmediato y se ajustó su plan de tratamiento para incluir sesiones adicionales de asesoramiento.'),
(22, 'El paciente exhibió una conducta desafiante durante el turno, negándose a seguir las rutinas establecidas. Se requirió la intervención del equipo de salud mental para reforzar los límites y las expectativas de comportamiento.'),
(23, 'Se detectaron signos de progreso en la gestión de la ira del paciente, quien pudo identificar y verbalizar sus emociones durante un episodio de estrés, en lugar de recurrir a comportamientos disruptivos.'),
(24, 'Se observó al paciente en un estado de agitación psicomotriz, caminando de un lado a otro en su habitación de manera repetitiva. Fue necesario administrar medicación adicional según el protocolo para asegurar su descanso.'),
(25, 'Durante las horas de terapia ocupacional, el paciente mostró una habilidad mejorada para concentrarse en tareas específicas. Aunque hubo momentos de frustración, pudo completar la tarea asignada con ayuda mínima.'),
(26, 'Hubo un progreso notable en la terapia cognitiva conductual del paciente, con una disminución en las expresiones de pensamientos negativos. Se mantuvo cooperativo y expresó deseos de continuar con las sesiones adicionales.'),
(27, 'Se notó que el paciente estaba particularmente retraído hoy, con poca respuesta a estímulos externos. No participó en la terapia de arte y declinó la comida en dos ocasiones. Se ha hecho un seguimiento de su ingesta nutricional.'),
(28, 'Durante el turno, el paciente mostró signos de mejora en cuanto a la interacción social, participando activamente en las actividades grupales programadas. Sin embargo, se observaron momentos de ansiedad que requirieron intervención tranquilizadora.'),
(29, 'El paciente ha experimentado episodios de agitación, coincidiendo con la hora de las visitas. Se ha procedido a un aislamiento breve para su calma, y luego ha podido reintegrarse con el grupo sin incidentes adicionales.'),
(30, 'El paciente mantuvo un comportamiento pacífico y colaborador durante todo el turno, pero expresó pensamientos paranoides cerca del final del mismo. Se tomaron notas detalladas para su revisión en la próxima consulta psiquiátrica.'),
(31, 'El paciente se mostro muy alterado durante toda la mañana.'),
(32, 'El paciente se encuentra mucho mejor cuando está entretenido jugando a la pelota en el patio.'),
(33, 'El paciente ha pasado buena mañana, sin necesidad de estimulación positiva.'),
(34, 'El paciente no presenta mejorías.'),
(35, 'Sin cambios.'),
(36, 'Pasa la mañana con demandas de atención.'),
(37, 'Sin incidencias.'),
(38, 'Sin nuevas incidencias'),
(39, 'El paciente mantuvo un comportamiento pacífico y colaborador durante todo el turno, pero expresó pensamientos paranoides cerca del final del mismo. Se tomaron notas detalladas para su revisión en la próxima consulta psiquiátrica.'),
(40, 'El paciente mantuvo un comportamiento pacífico y colaborador durante todo el turno, pero expresó pensamientos paranoides cerca del final del mismo. Se tomaron notas detalladas para su revisión en la próxima consulta psiquiátrica.'),
(41, 'El paciente mantuvo un comportamiento pacífico y colaborador durante todo el turno, pero expresó pensamientos paranoides cerca del final del mismo. Se tomaron notas detalladas para su revisión en la próxima consulta psiquiátrica.antuvo un comportamiento pacífico y colaborador durante todo el turno, pero expresó pensamientos paranoides cerca del final del mismo. Se tomaron notas detalladas para su revisión en la próxima consulta psiquiátrica.v'),
(42, 'El paciente mantuvo un comportamiento pacífico y colaborador durante todo el turno, pero expresó pensamientos paranoides cerca del final del mismo. Se tomaron notas detalladas para su revisión en la próxima consulta psiquiátrica.'),
(43, 'El paciente no presenta mejorías.'),
(44, 'El paciente se encuentra mucho mejor cuando está entretenido jugando a la pelota en el patio.'),
(45, 'El paciente ha pasado buena mañana, sin necesidad de estimulación positiva.'),
(46, 'El paciente mantuvo un comportamiento pacífico y colaborador durante todo el turno, pero expresó pensamientos paranoides cerca del final del mismo. Se tomaron notas detalladas para su revisión en la próxima consulta psiquiátrica.'),
(47, 'Sin cambios.'),
(48, 'Se observó al paciente en un estado de agitación psicomotriz, caminando de un lado a otro en su habitación de manera repetitiva. Fue necesario administrar medicación adicional según el protocolo para asegurar su descanso.'),
(49, 'Pasa la mañana con demandas de atención.'),
(50, 'Sin cambios.'),
(51, 'El paciente mantuvo un comportamiento pacífico y colaborador durante todo el turno, pero expresó pensamientos paranoides cerca del final del mismo. Se tomaron notas detalladas para su revisión en la próxima consulta psiquiátrica.'),
(52, 'Sin cambios.'),
(53, 'Sin nuevas incidencias'),
(54, 'Se observó al paciente en un estado de agitación psicomotriz, caminando de un lado a otro en su habitación de manera repetitiva. Fue necesario administrar medicación adicional según el protocolo para asegurar su descanso.'),
(55, 'Durante las horas de terapia ocupacional, el paciente mostró una habilidad mejorada para concentrarse en tareas específicas. Aunque hubo momentos de frustración, pudo completar la tarea asignada con ayuda mínima.'),
(56, '<p><span style="color:#B22222">Bueno </span>pues este es el editor y el paciente se encuentra super bien.</p>\r\n\r\n<p><strong>Adi&oacute;s.</strong></p>'),
(57, '<p>hgnjgfhjnghjgjhgjhgjgjhgjhgjhgjgj<span style="background-color:#008000">ghjhgjghjghjghjgh</span></p>'),
(58, '<p>jkgllgjkli</p>'),
(59, '<p>Buenos <s>D&Iacute;AS.</s></p>'),
(60, '<p>Hola Mundo por 3</p>'),
(61, '<p>Hola estoy hacinedo la prueba de Partes</p>'),
(62, '<p>El pa<em>cient</em>e se m<strong>uestra tra</strong>nquilo y c<u>ooperativ</u>o. <span style="color:#FF0000">Colabora con el personal.</span></p>'),
(63, '<p>Holas</p>'),
(64, '<p>PAciente nervioso tras la visita familiar.</p>'),
(65, '<p>Paciente nervioso tras la visita familiar.</p>'),
(66, '<p>Nervioso tras la visita familiar.</p>');

-- 
-- Dumping data for table auxiliares
--
INSERT INTO auxiliares VALUES
(1, 'Letha Bolt'),
(2, 'Vanita Kelleher'),
(3, 'Marcos Abraham'),
(4, 'Miyoko Mckinney'),
(5, 'Adolph Francisco'),
(6, 'Oma Lawler'),
(7, 'Felix Alba'),
(8, 'Eusebia Noland'),
(9, 'Denisha Mcginnis'),
(10, 'Stanford Sullivan'),
(11, 'Nathan Salisbury'),
(12, 'Burton Bunnell'),
(13, 'Adah Jameson'),
(14, 'Adam Geer'),
(15, 'Freeman Selby'),
(16, 'Laura Barger'),
(17, 'Ariel Hermann'),
(18, 'Adam Maddox'),
(19, 'Winnifred Brantley'),
(20, 'Gayle Baugh'),
(21, 'Delcie Abney'),
(22, 'Kasey Furr'),
(23, 'Gertie Abel'),
(24, 'Myles Angel'),
(25, 'Jerome Gipson'),
(26, 'Lilla Perez'),
(27, 'Josephine Norwood'),
(28, 'Elli Robertson'),
(29, 'Curtis Hutson'),
(30, 'Melia Gates');

-- 
-- Dumping data for table pacientes
--
INSERT INTO pacientes VALUES
(1, 46391, '1962-11-23', 'Elwood Ligon', 'Masculino'),
(2, 18978, '1949-10-28', 'Courtney Abernathy', 'Femenino'),
(3, 50865, '1987-07-09', 'Rose Aiello', 'Femenino'),
(4, 23881, '1990-09-13', 'Natashia Blaylock', 'Femenino'),
(5, 66501, '2003-10-19', 'Lonna Dion', 'Femenino'),
(6, 31888, '1986-06-24', 'Kareem Yazzie', 'Masculino'),
(7, 75922, '1945-07-20', 'Herschel Samples', 'Masculino'),
(8, 46885, '1946-07-03', 'Hayden Prichard', 'Masculino'),
(9, 48789, '1998-01-27', 'Tosha Dozier', 'Femenino'),
(10, 95662, '1975-12-17', 'Antione Baughman', 'Masculino'),
(11, 26615, '1951-06-19', 'Lewis Rife', 'Masculino'),
(12, 73342, '1944-01-31', 'Stefan Apodaca', 'Masculino'),
(13, 23297, '1965-09-06', 'Bryce Abrams', 'Masculino'),
(14, 31141, '2001-04-28', 'Ariel Leclair', 'Femenino'),
(15, 89129, '1944-01-14', 'Dane Humes', 'Masculino'),
(16, 85165, '1973-09-17', 'Demarcus Stoddard', 'Masculino'),
(17, 80398, '1985-02-25', 'Phyliss Cromer', 'Masculino'),
(18, 98022, '1983-02-16', 'Edmund Blevins', 'Masculino'),
(19, 24523, '1944-01-06', 'Candice Grogan', 'Femenino'),
(20, 39357, '1952-08-05', 'Darcel Crain', 'Masculino'),
(21, 79885, '1966-05-20', 'Quintin Jaeger', 'Masculino'),
(22, 68537, '1953-05-26', 'Quinn Casas', 'Femenino'),
(23, 92075, '1979-04-09', 'Adriene Contreras', 'Femenino'),
(24, 37452, '1945-10-08', 'Parker Adamson', 'Masculino'),
(25, 43897, '1947-09-20', 'Kieth Bedard', 'Masculino'),
(26, 17957, '1981-10-27', 'Bo Braun', 'Femenino'),
(27, 8088, '1991-04-29', 'Romeo Logan', 'Masculino'),
(28, 50521, '1962-12-29', 'Herman Abbott', 'Masculino'),
(29, 32624, '1975-05-23', 'Mickey Ahern', 'Masculino'),
(30, 18440, '1968-03-18', 'Chadwick Keating', 'Masculino');

-- 
-- Dumping data for table habitaciones
--
INSERT INTO habitaciones VALUES
(1, 8, 1),
(2, 7, 1),
(3, 5, 1),
(4, 9, 0),
(5, 6, 1),
(6, 1, 0),
(7, 3, 1),
(8, 4, 0),
(9, 10, 0),
(10, 2, 1);

-- 
-- Dumping data for table telefonos
--
INSERT INTO telefonos VALUES
(31, 1, '123456789'),
(11, 1, '161-4624'),
(32, 1, '987654321'),
(21, 2, '545-8629'),
(33, 2, '555555555'),
(34, 3, '123458789'),
(7, 3, '468-6026'),
(9, 4, '028-0236'),
(35, 4, '9875852321'),
(19, 5, '466-4383'),
(36, 5, '555585555'),
(37, 6, '123458789'),
(23, 6, '506-6870'),
(8, 7, '132-7189'),
(38, 7, '9875852321'),
(39, 8, '555585555'),
(12, 8, '731-7756'),
(40, 9, '123458789'),
(18, 9, '532-9336'),
(5, 10, '507-7221'),
(41, 10, '9875852321'),
(42, 11, '555585555'),
(10, 11, '927-6037'),
(43, 12, '123458789'),
(17, 12, '323-0402'),
(3, 13, '672-7396'),
(44, 13, '9875852321'),
(6, 14, '077-8731'),
(45, 14, '555585555'),
(27, 15, '118-6813'),
(46, 15, '123458789'),
(30, 16, '584-9451'),
(47, 16, '9875852321'),
(48, 17, '555585555'),
(4, 17, '562-5979'),
(49, 18, '123458789'),
(25, 18, '908-5539'),
(28, 19, '885-9829'),
(50, 19, '9875852321'),
(2, 20, '191-4135'),
(51, 20, '555585555'),
(52, 21, '123458789'),
(20, 21, '277-1684'),
(29, 22, '963-1542'),
(53, 22, '9875852321'),
(54, 23, '555585555'),
(15, 23, '593-1421'),
(22, 24, '988-5601'),
(26, 25, '092-5716'),
(14, 26, '855-7663'),
(16, 27, '421-6513'),
(24, 28, '354-6814'),
(1, 29, '031-7348'),
(13, 30, '758-8043');

-- 
-- Dumping data for table revisiones
--
INSERT INTO revisiones VALUES
(1, 0, 0, 23, '2024-05-16', '2024-04-21', 'Mal neo urinary NEC'),
(2, 1, 0, 23, '2024-05-01', '2024-04-02', 'Air embol comp med care'),
(3, 1, 0, 23, '2024-05-31', '2024-04-13', 'Adv eff plague vaccine'),
(4, 1, 1, 6, '2024-04-03', '2024-04-03', 'Hypersomnia NOS'),
(5, 0, 1, 2, '2024-04-21', '2024-04-21', 'Acc poisoning-lead'),
(6, 1, 0, 18, '2024-04-11', '2024-04-11', 'Illegitimate pregnancy'),
(7, 1, 0, 25, '2024-04-09', '2024-04-09', 'Ab NOS w embolism-comp'),
(8, 1, 0, 15, '2024-04-03', '2024-04-03', 'Fx up radius NEC/NOS-opn'),
(9, 1, 0, 11, '2024-04-04', '2024-04-04', 'TB lung nodular-micro dx'),
(10, 0, 1, 1, '2024-04-17', '2024-04-17', 'Malig neo pancreas NEC'),
(11, 1, 0, 15, '2024-04-08', '2024-04-08', 'Chr mycot otitis externa'),
(12, 0, 0, 15, '2024-04-15', '2024-04-15', 'Abn stimul response NOS'),
(13, 0, 0, 5, '2024-04-12', '2024-04-12', 'Choroidal disorder NOS'),
(14, 0, 1, 22, '2024-04-16', '2024-04-16', 'Boat acc w submers-crew'),
(15, 1, 1, 22, '2024-04-08', '2024-04-08', 'Vaccin for diphtheria'),
(16, 0, 1, 23, '2024-04-09', '2024-04-09', 'Obstet shock-deliv w p/p'),
(17, 0, 1, 29, '2024-04-16', '2024-04-16', 'Oth abn prod conception'),
(18, 1, 1, 22, '2024-04-08', '2024-04-08', 'Asymp hiv infectn status'),
(19, 1, 1, 5, '2024-04-02', '2024-04-02', 'Brain hem opn w/o coma'),
(20, 0, 1, 9, '2024-04-04', '2024-04-04', 'Spon ab w pel damag-unsp'),
(21, 1, 0, 2, '2024-04-01', '2024-04-01', 'Postablativ ovarian fail'),
(22, 0, 1, 3, '2024-04-08', '2024-04-08', 'Hx-radiogrphc dye allrgy'),
(23, 1, 1, 28, '2024-04-15', '2024-04-15', 'Monoc esotrop w x/y pat'),
(24, 1, 0, 28, '2024-04-13', '2024-04-13', 'Whipple''s disease'),
(25, 0, 0, 2, '2024-04-12', '2024-04-12', 'Opn wnd leg NEC w tendon'),
(26, 1, 0, 5, '2024-04-03', '2024-04-03', 'Sec neuroend tu dist lym'),
(27, 1, 1, 5, '2024-04-10', '2024-04-10', 'Leukoplakia of vagina'),
(28, 1, 0, 25, '2024-04-02', '2024-04-02', 'St Louis encephalitis'),
(29, 0, 1, 7, '2024-04-06', '2024-04-06', 'Artic cartil dis-unspec'),
(30, 0, 0, 26, '2024-04-05', '2024-04-05', 'Mgrn wo aura w ntrc mgrn'),
(31, 1, 1, 1, '2024-06-05', '2024-04-17', 'Callo malo en dedo corazón del pie derecho.'),
(32, 1, 1, 1, '2024-06-05', '2024-04-05', 'Hypersomnia NOS'),
(33, 1, 1, 23, '2024-06-05', '2024-05-18', 'Hypersomnia NOS'),
(34, 1, 1, 10, '2024-06-18', '2024-05-18', 'Hypersomnia NOS'),
(35, 1, 1, 10, '2024-06-04', '2024-05-18', 'Hypersomnia NOSpersomnia NOS'),
(36, 1, 1, 23, '2024-06-14', '2024-05-22', '<p>Este es el <strong>registro p</strong>ara las revisiones de <u>podolog&iacute;a</u> etc.</p>\r\n\r\n<p>&nbsp;</p>\r\n\r\n<p>Que<s> bien </s>me est&aacute;<span style="color:#40E0D0"> quedando</span> todo.</p>\r\n'),
(37, 0, 0, 23, '2024-05-31', '2024-05-24', '<p>Muy buen <span style="color:#008000">coso</span>.</p>\r\n'),
(38, 0, 0, 5, '2024-06-05', '2024-06-05', '<p>j<strong>ols</strong><span style="color:#008000"><strong>aj</strong>h hds<s>fh</s></span><s>g</s>dshf<span style="color:#B22222"> S<u>DFSF</u></span></p>\r\n'),
(39, 0, 1, 23, '2024-06-05', '2024-06-05', '<p>jk,.</p>\r\n'),
(40, 1, 0, 23, '2024-06-08', '2024-06-08', '<p><u>Hola</u> esto<strong> es</strong> una <span style="color:#FF0000">PRUEBA.</span></p>\r\n'),
(41, 1, 1, 10, '2024-06-08', '2024-06-08', '<p>Hola Mundo</p>\r\n'),
(42, 1, 0, 10, '2024-06-08', '2024-06-08', '<p>Hola Mundo por 2</p>\r\n'),
(43, 0, 0, 26, '2024-06-08', '2024-06-08', ''),
(44, 0, 0, 13, '2024-06-08', '2024-06-08', ''),
(45, 0, 0, 30, '2024-06-08', '2024-06-08', '<p>Nada que observar</p>\r\n');

-- 
-- Dumping data for table rellenados
--
INSERT INTO rellenados VALUES
(1, 29, 29, 29, '2024-03-07', 'Noche'),
(2, 20, 20, 20, '2024-03-22', 'Mañana'),
(3, 13, 13, 13, '2024-03-01', 'Tarde'),
(4, 17, 17, 17, '2024-03-17', 'Mañana'),
(5, 10, 10, 10, '2024-03-08', 'Tarde'),
(6, 14, 14, 14, '2024-03-05', 'Noche'),
(7, 3, 3, 3, '2024-03-31', 'Mañana'),
(8, 7, 7, 7, '2024-03-04', 'Noche'),
(9, 4, 4, 4, '2024-03-29', 'Tarde'),
(10, 11, 11, 11, '2024-03-25', 'Tarde'),
(11, 1, 1, 1, '2024-03-09', 'Mañana'),
(12, 8, 8, 8, '2024-03-05', 'Noche'),
(13, 30, 30, 30, '2024-03-07', 'Mañana'),
(14, 26, 26, 26, '2024-03-06', 'Tarde'),
(15, 23, 23, 23, '2024-01-30', 'Noche'),
(16, 27, 27, 27, '2024-03-21', 'Tarde'),
(17, 12, 12, 12, '2024-03-27', 'Mañana'),
(18, 9, 9, 9, '2024-03-19', 'Noche'),
(19, 5, 5, 5, '2024-03-10', 'Mañana'),
(20, 21, 21, 21, '2024-03-24', 'Tarde'),
(21, 2, 2, 2, '2024-03-19', 'Noche'),
(22, 24, 24, 24, '2024-03-02', 'Mañana'),
(23, 6, 6, 6, '2024-03-09', 'Tarde'),
(24, 28, 28, 28, '2024-03-22', 'Noche'),
(25, 18, 18, 18, '2024-03-06', 'Tarde'),
(26, 25, 25, 25, '2024-03-11', 'Noche'),
(27, 15, 15, 15, '2024-03-31', 'Mañana'),
(28, 19, 19, 19, '2024-03-30', 'Noche'),
(29, 22, 22, 22, '2024-03-11', 'Mañana'),
(30, 16, 16, 16, '2024-03-21', 'Tarde'),
(31, 31, 3, 2, '2024-03-14', 'Mañana'),
(32, 32, 1, 1, '2024-03-14', 'Mañana'),
(33, 33, 1, 1, '2024-03-27', 'Mañana'),
(34, 3, 1, 1, '2024-03-27', 'Mañana'),
(35, 35, 2, 2, '2024-03-27', 'Mañana'),
(36, 36, 3, 3, '2024-03-27', 'Mañana'),
(37, 37, 4, 2, '2024-03-27', 'Mañana'),
(38, 38, 5, 2, '2024-03-27', 'Mañana'),
(39, 39, 8, 4, '2024-03-27', 'Mañana'),
(40, 40, 7, 19, '2024-03-27', 'Mañana'),
(41, 41, 9, 8, '2024-03-27', 'Mañana'),
(42, 42, 14, 2, '2024-03-27', 'Mañana'),
(43, 43, 17, 1, '2024-03-27', 'Mañana'),
(44, 44, 2, 1, '2024-03-27', 'Mañana'),
(45, 45, 23, 1, '2024-06-16', 'Tarde'),
(46, 46, 23, 1, '2024-06-02', 'Mañana'),
(47, 47, 23, 5, '2024-06-03', 'Tarde'),
(48, 48, 23, 1, '2024-06-04', 'Mañana'),
(49, 49, 23, 1, '2024-06-06', 'Mañana'),
(50, 50, 23, 2, '2024-06-05', 'Mañana'),
(51, 51, 10, 4, '2024-05-18', 'Mañana'),
(52, 38, 23, 3, '2024-05-26', 'Mañana'),
(53, 4, 23, 2, '2024-05-26', 'Tarde'),
(54, 56, 23, 3, '2024-05-26', 'Noche'),
(55, 57, 5, 3, '2024-06-05', 'Tarde'),
(56, 58, 12, 2, '2024-06-05', 'Tarde'),
(57, 59, 23, 2, '2024-06-08', 'Mañana'),
(58, 60, 10, 4, '2024-06-08', 'Mañana'),
(59, 61, 26, 2, '2024-06-08', 'Mañana'),
(60, 62, 13, 11, '2024-06-08', 'Mañana'),
(61, 63, 2, 1, '2024-06-08', 'Mañana'),
(62, 66, 15, 2, '2024-06-08', 'Mañana');

-- 
-- Dumping data for table menstruaciones
--
INSERT INTO menstruaciones VALUES
(1, 1, '2024-04-18', 26),
(15, 1, '2024-06-20', 23),
(19, 1, '2024-06-19', 23),
(22, 1, '2024-06-18', 23),
(24, 1, '2024-06-17', 23),
(25, 1, '2024-06-16', 23),
(29, 1, '2024-06-15', 23),
(32, 1, '2024-06-14', 23),
(33, 1, '2024-06-21', 14),
(34, 1, '2024-06-20', 14),
(35, 1, '2024-06-19', 14),
(36, 1, '2024-06-18', 14),
(37, 1, '2024-06-17', 14),
(38, 1, '2024-06-16', 14),
(39, 1, '2024-06-15', 14),
(40, 1, '2024-06-14', 14),
(41, 1, '2024-04-11', 5),
(42, 1, '2024-04-12', 5),
(43, 1, '2024-04-13', 5),
(44, 1, '2024-04-14', 5),
(45, 1, '2024-05-18', 23),
(46, 1, '2024-05-24', 23),
(47, 0, '2024-06-05', 5),
(48, 0, '2024-06-05', 3),
(49, 1, '2024-06-05', 9),
(50, 1, '2024-06-05', 19),
(51, 1, '2024-06-08', 23),
(52, 0, '2024-06-08', 26);

-- 
-- Dumping data for table deposiciones
--
INSERT INTO deposiciones VALUES
(1, 'Mañana', '2024-05-18', 0, 28),
(2, 'Mañana', '2024-06-20', 0, 26),
(3, 'Mañana', '2024-06-19', 0, 26),
(4, 'Mañana', '2024-06-18', 0, 26),
(5, 'Mañana', '2024-06-17', 0, 26),
(6, 'Mañana', '2024-06-21', 0, 14),
(7, 'Mañana', '2024-06-20', 0, 14),
(8, 'Noche', '2024-06-19', 0, 14),
(9, 'Tarde', '2023-06-18', 0, 14),
(10, 'Noche', '2023-06-17', 0, 14),
(11, 'Mañana', '2023-03-09', 1, 9),
(12, 'Tarde', '2023-06-18', 0, 13),
(13, 'Mañana', '2023-10-28', 1, 17),
(14, 'Noche', '2023-07-01', 0, 11),
(15, 'Tarde', '2023-05-19', 0, 10),
(16, 'Mañana', '2023-05-31', 0, 9),
(17, 'Noche', '2024-01-21', 0, 12),
(18, 'Tarde', '2023-10-05', 1, 4),
(19, 'Mañana', '2023-11-29', 0, 9),
(20, 'Tarde', '2023-07-15', 0, 4),
(21, 'Noche', '2024-01-18', 1, 16),
(22, 'Mañana', '2024-02-13', 0, 10),
(23, 'Noche', '2023-10-21', 0, 13),
(24, 'Tarde', '2023-06-09', 1, 12),
(25, 'Mañana', '2023-04-29', 1, 25),
(26, 'Noche', '2023-07-16', 1, 24),
(27, 'Tarde', '2023-03-04', 1, 12),
(28, 'Tarde', '2023-08-19', 1, 20),
(29, 'Mañana', '2024-01-02', 0, 18),
(30, 'Noche', '2024-03-25', 1, 26),
(31, 'Mañana', '2024-03-12', 1, 1),
(32, 'Noche', '2024-03-12', 1, 1),
(33, 'Mañana', '2024-03-12', 0, 1),
(34, 'Tarde', '2024-03-12', 0, 1),
(35, 'Tarde', '2024-05-06', 0, 10),
(36, 'Tarde', '2024-05-07', 0, 10),
(37, 'Tarde', '2024-05-08', 0, 10),
(38, 'Tarde', '2024-05-05', 1, 23),
(39, 'Tarde', '2024-04-29', 0, 23),
(40, 'Tarde', '2024-04-30', 0, 23),
(41, 'Tarde', '2024-05-01', 0, 23),
(42, 'Tarde', '2024-05-02', 0, 23),
(43, 'Tarde', '2024-05-03', 1, 23),
(44, 'Mañana', '2024-05-04', 1, 23),
(45, 'Mañana', '2024-05-22', 1, 23),
(46, 'Mañana', '2024-06-05', 1, 23),
(47, 'Mañana', '2024-06-07', 1, 23),
(48, 'Mañana', '2024-05-18', 1, 23),
(49, 'Mañana', '2024-05-18', 1, 23),
(50, 'Mañana', '2024-05-18', 1, 10),
(51, 'Mañana', '2024-05-24', 1, 23),
(52, 'Mañana', '2024-05-31', 1, 23),
(53, 'Tarde', '2024-06-05', 0, 23),
(54, 'Tarde', '2024-06-05', 0, 13),
(55, 'Tarde', '2024-06-05', 0, 2),
(56, 'Tarde', '2024-06-05', 0, 11),
(57, 'Tarde', '2024-06-05', 0, 19),
(58, 'Tarde', '2024-06-05', 0, 5),
(59, 'Tarde', '2024-06-05', 1, 3),
(60, 'Tarde', '2024-06-05', 0, 12),
(61, 'Mañana', '2024-06-08', 1, 23),
(62, 'Mañana', '2024-06-08', 1, 10),
(63, 'Mañana', '2024-06-08', 1, 26),
(64, 'Mañana', '2024-06-08', 1, 30);

-- 
-- Dumping data for table camas
--
INSERT INTO camas VALUES
(1, 'C', 1, 1, 25),
(2, 'C', 8, 1, 3),
(3, 'A', 5, 1, 29),
(4, 'C', 7, 1, 30),
(5, 'A', 4, 1, 22),
(6, 'C', 6, 1, 18),
(7, 'B', 3, 1, 26),
(8, 'A', 3, 1, 15),
(9, 'A', 2, 1, 23),
(10, 'C', 5, 1, 19),
(11, 'A', 1, 1, 10),
(12, 'C', 4, 1, 14),
(13, 'B', 2, 1, 11),
(14, 'C', 10, 1, 16),
(15, 'C', 9, 1, 8),
(16, 'B', 1, 1, 20),
(17, 'B', 6, 1, 27),
(18, 'B', 5, 1, 7),
(19, 'C', 3, 1, 24),
(20, 'B', 9, 1, 4),
(21, 'C', 2, 1, 28),
(22, 'B', 10, 1, 17),
(23, 'B', 4, 1, 1),
(24, 'A', 10, 1, 5),
(25, 'B', 8, 1, 2),
(26, 'A', 9, 1, 21),
(27, 'B', 7, 1, 12),
(28, 'A', 7, 1, 9),
(29, 'A', 8, 1, 6),
(30, 'A', 6, 1, 13);

-- 
-- Restore previous SQL mode
-- 
/*!40101 SET SQL_MODE=@OLD_SQL_MODE */;

-- 
-- Enable foreign keys
-- 
/*!40014 SET FOREIGN_KEY_CHECKS = @OLD_FOREIGN_KEY_CHECKS */;